Y Position (mm),Normalized Experimental Density,Experimental Error,Abel Y Position (mm),Inverse Abel Density
-0.54,0.6413754363439392,0.01785,-2.7,0.08778025401604925
-0.44000000000000006,0.539501665128596,0.01716,-2.695,0.0983924744661623
-0.44000000000000006,0.5730449785338844,0.02021,-2.69,0.11746689032165741
-0.35000000000000003,0.7672029851943989,0.01808,-2.685,0.1054602808585117
-0.32000000000000006,0.9136941780684508,0.01449,-2.68,0.0899276050028388
-0.30000000000000004,0.9005737672029851,0.02268,-2.6750000000000003,0.10190640182402635
-0.28,0.8896601532720781,0.02421,-2.67,0.052118665958724573
-0.26,0.8654255105725635,0.01849,-2.665,0.09516138956167884
-0.24000000000000005,0.9851943987481444,0.02081,-2.66,0.08808979880588731
-0.22000000000000003,0.8721261485374957,0.02266,-2.6550000000000002,0.10730559057256576
-0.2,0.9153392448742126,0.02477,-2.65,0.12313806228367499
-0.18000000000000005,0.9593146892428679,0.0218,-2.645,0.14968933105681761
-0.16000000000000003,0.8176383260442163,0.02704,-2.64,0.12848823967199965
-0.14,0.9064318099747222,0.02515,-2.6350000000000002,0.14874760811682422
-0.12000000000000005,0.8974040043333468,0.02626,-2.63,0.15960810964908487
-0.10000000000000003,1.0,0.02057,-2.625,0.09152451223485532
-0.08000000000000002,0.9050274846527305,0.02477,-2.62,0.0844318899832387
-0.06000000000000005,0.906552180716607,0.02182,-2.615,0.13905533312170643
-0.040000000000000036,0.8907033663684145,0.02324,-2.61,0.10122950120737462
-0.020000000000000018,0.7538819564257917,0.0231,-2.605,0.11336614939597317
0.0,0.9337158448019902,0.02554,-2.6,0.09991129121111496
0.020000000000000018,0.8009469165028286,0.02351,-2.595,0.09847319819337907
0.039999999999999925,0.9483208281507042,0.02197,-2.59,0.10260955292591024
0.05999999999999994,0.871123059021787,0.02404,-2.585,0.0691155483477036
0.07999999999999996,0.9691449664968103,0.02008,-2.58,0.0918412625902549
0.09999999999999998,0.819885246559403,0.02004,-2.575,0.12794977615835582
0.12,0.9568671508245394,0.02063,-2.57,0.11205448101682769
0.14,0.8312803434578501,0.02324,-2.565,0.10897863188465051
0.15999999999999992,0.8970428921076916,0.02294,-2.56,0.14310886783949534
0.17999999999999994,0.8677125546683788,0.02339,-2.555,0.11094366218489352
0.19999999999999996,0.747823295750913,0.02168,-2.5500000000000003,0.08906907469011198
0.21999999999999997,0.9254503871925529,0.02047,-2.545,0.10325903367171878
0.24,0.8689965092484855,0.02114,-2.54,0.13268843416983298
0.26,0.8923083095935482,0.02399,-2.535,0.0960318324127304
0.2799999999999999,0.7947277615054368,0.02159,-2.5300000000000002,0.10484066577915542
0.29999999999999993,0.7347831320467041,0.01928,-2.525,0.13780613566629152
0.31999999999999995,0.6596717891104602,0.02537,-2.52,0.16909514513004115
0.33999999999999997,0.8918268266260082,0.02132,-2.515,0.19546670717793863
0.36,0.8385025879709505,0.02082,-2.5100000000000002,0.1437824887615044
0.38,0.5798659872407015,0.02074,-2.505,0.10753166441028998
0.3999999999999999,0.8496970669662564,0.0217,-2.5,0.13395426402662727
0.41999999999999993,0.6995947518356539,0.01634,-2.495,0.08314989699596223
0.43999999999999995,0.5439955061589695,0.01887,-2.49,0.0665849491107272
0.45999999999999996,0.6214340167716565,0.01926,-2.485,0.1057226221065619
0.5,0.580307346627613,0.01489,-2.48,0.09737644897182277
0.52,0.43397664807607444,0.01773,-2.475,0.08085492526983587
0.54,0.539381294386711,0.01828,-2.47,0.08810807579716279
0.56,0.45255386590699354,0.02001,-2.465,0.06879701961547127
0.5800000000000001,0.4117883079886049,0.01658,-2.46,0.10168354913341184
0.6199999999999999,0.46186253661276727,0.0151,-2.455,0.13406131497171495
0.6399999999999999,0.38530674477390364,0.01645,-2.45,0.1059796882315069
0.6599999999999999,0.39100429322312735,0.01775,-2.445,0.09117955152872971
0.6799999999999999,0.40889941018336473,0.01569,-2.44,0.11952097644089756
0.72,0.3519239256911287,0.01632,-2.435,0.09872260961164356
0.74,0.3875536652890904,0.01647,-2.43,0.11698660196826166
0.76,0.25510572563495576,0.015,-2.4250000000000003,0.08870210607108947
0.8,0.2779761665931068,0.01778,-2.42,0.06233049305089231
0.8399999999999999,0.2602415439553827,0.01412,-2.415,0.09330423709221086
0.9099999999999999,0.18252216827829726,0.01644,-2.41,0.10725942774195965
0.96,0.33286522489266956,0.01705,-2.4050000000000002,0.07726707735447604
1.01,0.25297917586165386,0.01679,-2.4,0.11964163297957586
1.06,0.22878465674276777,0.01618,-2.395,0.1393833779974189
1.1099999999999999,0.24058098944749834,0.01435,-2.39,0.12054412141700176
1.16,0.2171488183605505,0.01749,-2.3850000000000002,0.11351582213689941
1.24,0.15010231513060224,0.01391,-2.38,0.1626380634876925
1.33,0.0,0.0175,-2.375,0.12894390591873114
1.42,0.2305902178710429,0.01973,-2.37,0.11575911092633176
1.5899999999999999,0.1651085342855997,0.02332,-2.365,0.14428116667639226
1.6800000000000002,0.14364241864944027,0.01256,-2.36,0.128993872888302
1.77,0.18701600930867085,0.01609,-2.355,0.12765257790779072
1.94,0.03153713437387166,0.01472,-2.35,0.16401126483532338
,,,-2.345,0.1398900651216557
,,,-2.34,0.1420203018750282
,,,-2.335,0.14035394290013375
,,,-2.33,0.14993997246410118
,,,-2.325,0.10014578987831396
,,,-2.32,0.11614878411842382
,,,-2.315,0.13705997398602146
,,,-2.31,0.10264865256335344
,,,-2.305,0.13682519752394634
,,,-2.3000000000000003,0.12547166436657553
,,,-2.295,0.13119721699255013
,,,-2.29,0.21759277863698853
,,,-2.285,0.2823363321451645
,,,-2.2800000000000002,0.27368068768065856
,,,-2.275,0.27151966773413105
,,,-2.27,0.2914162383689995
,,,-2.265,0.21731353001441034
,,,-2.2600000000000002,0.19078673630101292
,,,-2.255,0.1844831727216681
,,,-2.25,0.16661999809379652
,,,-2.245,0.12487333177983853
,,,-2.24,0.07783391828188116
,,,-2.235,0.042146147860206463
,,,-2.23,0.08742682431871274
,,,-2.225,0.07469073749409282
,,,-2.22,0.08574727547309212
,,,-2.215,0.12060399194877666
,,,-2.21,0.1097040951129687
,,,-2.205,0.10350055248897208
,,,-2.2,0.13482980378411707
,,,-2.195,0.10950393421410216
,,,-2.19,0.05112460059066622
,,,-2.185,0.06596237832343967
,,,-2.18,0.1119077581096155
,,,-2.1750000000000003,0.09279746730663024
,,,-2.17,0.10402116162261946
,,,-2.165,0.11248082383020803
,,,-2.16,0.13637108332052025
,,,-2.1550000000000002,0.19321773229342215
,,,-2.15,0.11969042148084186
,,,-2.145,0.1159046004897869
,,,-2.14,0.14939204876018553
,,,-2.1350000000000002,0.1754112039457868
,,,-2.13,0.1473900451463876
,,,-2.125,0.13677442671168258
,,,-2.12,0.10554849216275176
,,,-2.115,0.08843069412172412
,,,-2.11,0.07966984413878464
,,,-2.105,0.09298366548493953
,,,-2.1,0.09674313326420253
,,,-2.095,0.12585949329182908
,,,-2.09,0.15078065462254872
,,,-2.085,0.15204617650481564
,,,-2.08,0.12532752979720088
,,,-2.075,0.1644134483044347
,,,-2.07,0.1546427414805243
,,,-2.065,0.09868500261910874
,,,-2.06,0.04347777857237743
,,,-2.055,0.07216995750852237
,,,-2.05,0.12551072705475264
,,,-2.045,0.09947814179155885
,,,-2.04,0.1009385000747572
,,,-2.035,0.08341586356162871
,,,-2.0300000000000002,0.13402959399410727
,,,-2.025,0.13468985428975871
,,,-2.02,0.15876981783430366
,,,-2.015,0.15655139200580717
,,,-2.0100000000000002,0.14716336625757195
,,,-2.005,0.15019374531733054
,,,-2.0,0.14621298183937562
,,,-1.995,0.08253449799444816
,,,-1.99,0.08894978084711139
,,,-1.985,0.09615835888751273
,,,-1.98,0.07085121681926806
,,,-1.975,0.13178999807618147
,,,-1.97,0.09455820330766744
,,,-1.965,0.10353165293791051
,,,-1.96,0.10123949308228851
,,,-1.955,0.0834730111052803
,,,-1.95,0.13374552803644238
,,,-1.945,0.11224544589869805
,,,-1.94,0.10015901825225954
,,,-1.935,0.1702232812497584
,,,-1.93,0.1723221978655382
,,,-1.925,0.18119277505017342
,,,-1.92,0.20318684369142884
,,,-1.915,0.16491283457955702
,,,-1.9100000000000001,0.18057344134991066
,,,-1.905,0.10063315061701153
,,,-1.9000000000000001,0.08501237571352768
,,,-1.895,0.10123695839546354
,,,-1.8900000000000001,0.10970654501806484
,,,-1.885,0.08265585028303882
,,,-1.8800000000000001,0.08146173833137925
,,,-1.875,0.09207434200372289
,,,-1.87,0.12433929618638413
,,,-1.865,0.12389262359492782
,,,-1.86,0.11731896120783317
,,,-1.855,0.12993521838885197
,,,-1.85,0.15035007683212043
,,,-1.845,0.11226300382712315
,,,-1.84,0.14885992439306708
,,,-1.835,0.15908991042216916
,,,-1.83,0.15762476838803224
,,,-1.825,0.1382100747525096
,,,-1.82,0.13663976507618333
,,,-1.815,0.1346123958522521
,,,-1.81,0.1149509212357109
,,,-1.805,0.12085963528554601
,,,-1.8,0.154737280234554
,,,-1.795,0.0864132912454366
,,,-1.79,0.1156840542947243
,,,-1.7850000000000001,0.12693275278367433
,,,-1.78,0.10743219177836749
,,,-1.7750000000000001,0.11218022967383137
,,,-1.77,0.104615041330346
,,,-1.7650000000000001,0.12384804582391455
,,,-1.76,0.05657382799603574
,,,-1.7550000000000001,0.0855042630968896
,,,-1.75,0.10737244732917553
,,,-1.745,0.07549675180162631
,,,-1.74,0.06888767687839978
,,,-1.735,0.08607032519781992
,,,-1.73,0.09194239268155532
,,,-1.725,0.0952971317168234
,,,-1.72,0.11116373545767295
,,,-1.715,0.11103459109307655
,,,-1.71,0.10809766202834076
,,,-1.705,0.12309481444148086
,,,-1.7,0.05922103495966386
,,,-1.695,0.10392727923405516
,,,-1.69,0.11084443927023038
,,,-1.685,0.08884208116564253
,,,-1.68,0.0808477009805953
,,,-1.675,0.07254092269203924
,,,-1.67,0.12450051995636502
,,,-1.665,0.13180922848572704
,,,-1.6600000000000001,0.13154994802751352
,,,-1.655,0.07696534831912787
,,,-1.6500000000000001,0.07439120356125725
,,,-1.645,0.055207321224873054
,,,-1.6400000000000001,0.07723250197233923
,,,-1.635,0.08128760746592849
,,,-1.6300000000000001,0.09469393544588622
,,,-1.625,0.11856221206524065
,,,-1.62,0.16343615606794915
,,,-1.615,0.14296563327224024
,,,-1.61,0.11501350449902781
,,,-1.605,0.13685120482740032
,,,-1.6,0.11845766207939222
,,,-1.595,0.097797014819228
,,,-1.59,0.10403599299296543
,,,-1.585,0.1273975843358778
,,,-1.58,0.11126300026226939
,,,-1.575,0.10323242561023488
,,,-1.57,0.12052919853068095
,,,-1.565,0.10749701752260722
,,,-1.56,0.1556833645266148
,,,-1.555,0.15187715349870456
,,,-1.55,0.13158720698068047
,,,-1.545,0.16739148932677103
,,,-1.54,0.15711612755148993
,,,-1.5350000000000001,0.1546206122301215
,,,-1.53,0.12694849021756383
,,,-1.5250000000000001,0.13254698198918294
,,,-1.52,0.09752583683398172
,,,-1.5150000000000001,0.07493994579111507
,,,-1.51,0.08387990996791364
,,,-1.5050000000000001,0.12333934254366237
,,,-1.5,0.13741908664817112
,,,-1.495,0.1253202938278752
,,,-1.49,0.11636499064868062
,,,-1.485,0.17372473627688664
,,,-1.48,0.16153048055329586
,,,-1.475,0.1328007811669643
,,,-1.47,0.1181066549302701
,,,-1.465,0.11010580589080424
,,,-1.46,0.13211643939766737
,,,-1.455,0.08617980527683555
,,,-1.45,0.137199364344574
,,,-1.445,0.1610000075171034
,,,-1.44,0.15086866836686189
,,,-1.435,0.1327770709595511
,,,-1.43,0.1508304426748115
,,,-1.425,0.13035159128976673
,,,-1.42,0.1134941371261225
,,,-1.415,0.09400267660049884
,,,-1.41,0.07295915382618445
,,,-1.405,0.10121004511644865
,,,-1.4000000000000001,0.09760494092795284
,,,-1.395,0.10620133491629512
,,,-1.3900000000000001,0.07716361092058864
,,,-1.385,0.10893343883855569
,,,-1.3800000000000001,0.13114355507858266
,,,-1.375,0.11298923780286
,,,-1.37,0.10302951436360464
,,,-1.365,0.07522676511879926
,,,-1.36,0.14444039635784378
,,,-1.355,0.09849237337118558
,,,-1.35,0.1444402114973362
,,,-1.345,0.1188154784550417
,,,-1.34,0.15233034283791608
,,,-1.335,0.133210884912774
,,,-1.33,0.11580557612710024
,,,-1.325,0.1763751406736965
,,,-1.32,0.09911635093022708
,,,-1.315,0.0628837932710816
,,,-1.31,0.10574315626621873
,,,-1.305,0.05872243565138209
,,,-1.3,0.08829186759363745
,,,-1.295,0.0792519938089113
,,,-1.29,0.1422188000249728
,,,-1.285,0.10427387953494442
,,,-1.28,0.13126273351909015
,,,-1.2750000000000001,0.13183687068664912
,,,-1.27,0.1660831060824656
,,,-1.2650000000000001,0.1064549098263481
,,,-1.26,0.11428226949113318
,,,-1.2550000000000001,0.10847260152607555
,,,-1.25,0.13533321126421177
,,,-1.245,0.11944502500968267
,,,-1.24,0.11252139456131151
,,,-1.235,0.12112160852925925
,,,-1.23,0.11767567209460619
,,,-1.225,0.1255994958860238
,,,-1.22,0.11396828120406272
,,,-1.215,0.0
,,,-1.21,0.14623169950579604
,,,-1.205,0.10596942959501351
,,,-1.2,0.13115781090464174
,,,-1.195,0.09106536845996975
,,,-1.19,0.14174238872464584
,,,-1.185,0.17686485918808348
,,,-1.18,0.1367543838714417
,,,-1.175,0.10390135315551824
,,,-1.17,0.1601497905769451
,,,-1.165,0.1717531738970231
,,,-1.16,0.1252908567614859
,,,-1.155,0.14754919160576024
,,,-1.1500000000000001,0.161576865889653
,,,-1.145,0.17700171069572737
,,,-1.1400000000000001,0.15583240084251623
,,,-1.135,0.14709161908406954
,,,-1.1300000000000001,0.1427009836458596
,,,-1.125,0.19554631333872197
,,,-1.12,0.18968642843849207
,,,-1.115,0.1415874067350657
,,,-1.11,0.1546352213888629
,,,-1.105,0.14425841534597308
,,,-1.1,0.08902609678240135
,,,-1.095,0.12888613435714819
,,,-1.09,0.10994961515046617
,,,-1.085,0.16143555091594988
,,,-1.08,0.22567476797030472
,,,-1.075,0.18113789457939775
,,,-1.07,0.17513636749830605
,,,-1.065,0.11605441746588281
,,,-1.06,0.13801730066698104
,,,-1.055,0.11771411923431363
,,,-1.05,0.11565545554519452
,,,-1.045,0.22447845979426126
,,,-1.04,0.17525572158688288
,,,-1.035,0.19620601587109482
,,,-1.03,0.18556729459294752
,,,-1.025,0.14574990787640071
,,,-1.02,0.16833264266445402
,,,-1.0150000000000001,0.15406333206167167
,,,-1.01,0.18934226902285062
,,,-1.0050000000000001,0.18901518752453517
,,,-1.0,0.15642204687585776
,,,-0.995,0.2317897979663991
,,,-0.99,0.18728664656953228
,,,-0.985,0.16955395983132304
,,,-0.98,0.20146517954982207
,,,-0.975,0.2196051273848004
,,,-0.97,0.24166566919839977
,,,-0.965,0.21192867860563114
,,,-0.96,0.24440860975427117
,,,-0.9550000000000001,0.19332473202110365
,,,-0.9500000000000001,0.25442387965388913
,,,-0.9450000000000001,0.1997971801966712
,,,-0.9400000000000001,0.24541829281506627
,,,-0.935,0.2742350720655787
,,,-0.93,0.21319253734661417
,,,-0.925,0.1751352069779515
,,,-0.92,0.20898562347147262
,,,-0.915,0.2043813873483815
,,,-0.91,0.284310239978888
,,,-0.905,0.25835996887649315
,,,-0.9,0.2927872516934994
,,,-0.895,0.30383907554375184
,,,-0.89,0.2758793139026777
,,,-0.885,0.31187826330341717
,,,-0.88,0.22664915365545085
,,,-0.875,0.3242658835785612
,,,-0.87,0.31716604834965967
,,,-0.865,0.30127824010617293
,,,-0.86,0.2781266959050252
,,,-0.855,0.2866333802344128
,,,-0.85,0.2666961118866666
,,,-0.845,0.26490150973850946
,,,-0.84,0.26468303222160666
,,,-0.835,0.28083357222191496
,,,-0.8300000000000001,0.2970876972554992
,,,-0.8250000000000001,0.2296169036834657
,,,-0.8200000000000001,0.3077681912759626
,,,-0.8150000000000001,0.2973572044269566
,,,-0.81,0.26154132063104624
,,,-0.805,0.2880847847632559
,,,-0.8,0.32036149358625393
,,,-0.795,0.3516213752606243
,,,-0.79,0.276642576118621
,,,-0.785,0.33361017830700523
,,,-0.78,0.3441375751412475
,,,-0.775,0.3164952841115271
,,,-0.77,0.39963906744900735
,,,-0.765,0.4180536394995139
,,,-0.76,0.3363487258210174
,,,-0.755,0.4048614941531415
,,,-0.75,0.3874052710489928
,,,-0.745,0.29809156880841337
,,,-0.74,0.2874664088545549
,,,-0.735,0.43447333740386884
,,,-0.73,0.3697848674927833
,,,-0.725,0.4386704626230043
,,,-0.72,0.5173442931341478
,,,-0.715,0.488098135431297
,,,-0.71,0.3915577543110867
,,,-0.705,0.36738757875608985
,,,-0.7000000000000001,0.3115368464320031
,,,-0.6950000000000001,0.3290463672845909
,,,-0.6900000000000001,0.45441689124779694
,,,-0.685,0.4175253252025839
,,,-0.68,0.45497790555341266
,,,-0.675,0.412729131841442
,,,-0.67,0.4349048738799438
,,,-0.665,0.4559937391968488
,,,-0.66,0.4437923943963624
,,,-0.655,0.4304719796674759
,,,-0.65,0.48632458965126935
,,,-0.645,0.43739562939397114
,,,-0.64,0.4325882872018917
,,,-0.635,0.38630351975821314
,,,-0.63,0.42511712365067444
,,,-0.625,0.44692521933528906
,,,-0.62,0.36293270692426705
,,,-0.615,0.46660951069131257
,,,-0.61,0.45077179521973626
,,,-0.605,0.5619176045140707
,,,-0.6,0.48008576798825925
,,,-0.595,0.4459053993281115
,,,-0.59,0.5809152361563903
,,,-0.585,0.5082930336934646
,,,-0.58,0.5718429414852088
,,,-0.5750000000000001,0.5420945988188338
,,,-0.5700000000000001,0.4877694381669802
,,,-0.5650000000000001,0.534832748658483
,,,-0.56,0.49888255975249307
,,,-0.555,0.5516694806137862
,,,-0.55,0.5807648270855343
,,,-0.545,0.5980588148008208
,,,-0.54,0.6063344221539908
,,,-0.535,0.5554032777813251
,,,-0.53,0.49147805209384104
,,,-0.525,0.6270235911502579
,,,-0.52,0.753662005379573
,,,-0.515,0.5909055604877678
,,,-0.51,0.4918283416939606
,,,-0.505,0.7088984231744928
,,,-0.5,0.7005526543050966
,,,-0.495,0.5817378727049956
,,,-0.49,0.5854869927902493
,,,-0.485,0.6430099573008207
,,,-0.48,0.6138747014205456
,,,-0.47500000000000003,0.7208858273677031
,,,-0.47000000000000003,0.6833074444727116
,,,-0.465,0.6931244403739448
,,,-0.46,0.7186833022467422
,,,-0.455,0.7693251170170408
,,,-0.45,0.7160395446654941
,,,-0.445,0.6939623669142032
,,,-0.44,0.7035282246001677
,,,-0.435,0.7229291926137754
,,,-0.43,0.6986646588412773
,,,-0.425,0.738203202207446
,,,-0.42,0.7717680814389472
,,,-0.41500000000000004,0.7374091197683941
,,,-0.41000000000000003,0.6940366715692293
,,,-0.405,0.6559463665398184
,,,-0.4,0.720426379425634
,,,-0.395,0.7684954587243159
,,,-0.39,0.8515245240128604
,,,-0.385,0.8177558286172139
,,,-0.38,0.7886237629152711
,,,-0.375,0.7901992832157564
,,,-0.37,0.6751659594804309
,,,-0.365,0.7445468259312131
,,,-0.36,0.7969456781631444
,,,-0.355,0.8226825376933644
,,,-0.35000000000000003,0.9032961264524019
,,,-0.34500000000000003,0.7411349216061026
,,,-0.34,0.8252624213541723
,,,-0.335,0.7798037104083854
,,,-0.33,0.7114706983036638
,,,-0.325,0.8818134688391487
,,,-0.32,0.802925717703376
,,,-0.315,0.8524842584039473
,,,-0.31,0.922078932227678
,,,-0.305,0.9515174356245946
,,,-0.3,0.8277915684598349
,,,-0.295,0.8817350519809122
,,,-0.29,0.8906965752930598
,,,-0.28500000000000003,0.9112209775308754
,,,-0.28,0.8660541349959358
,,,-0.275,0.8658220954105504
,,,-0.27,0.849713219760029
,,,-0.265,0.9130436800103046
,,,-0.26,0.889134979941917
,,,-0.255,0.9746464977960776
,,,-0.25,0.8060717006249698
,,,-0.245,0.7463680538175845
,,,-0.24,0.9151202112909604
,,,-0.23500000000000001,0.8466036963267073
,,,-0.23,0.8913312621884094
,,,-0.225,0.8848585706386366
,,,-0.22,0.8732429207101419
,,,-0.215,0.8193714740617564
,,,-0.21,0.8158779542390096
,,,-0.20500000000000002,0.7650995552048251
,,,-0.2,0.8488044886952185
,,,-0.195,0.9999999951142331
,,,-0.19,0.8885653654934019
,,,-0.185,0.8905011996604953
,,,-0.18,0.88703126661717
,,,-0.17500000000000002,0.879432182747994
,,,-0.17,0.8950311026242987
,,,-0.165,0.9218158301205943
,,,-0.16,0.9787463803193713
,,,-0.155,0.8352953885712143
,,,-0.15,0.7866622724347871
,,,-0.145,0.8671503026719011
,,,-0.14,0.9023854269775479
,,,-0.135,0.9714680377891821
,,,-0.13,0.8625157580951025
,,,-0.125,0.7505620124723951
,,,-0.12,0.8753139066918207
,,,-0.115,0.8498391042583149
,,,-0.11,0.8652138139528305
,,,-0.105,0.8512708998436622
,,,-0.1,0.9244648114442993
,,,-0.095,0.8946145479198087
,,,-0.09,0.8686462379060252
,,,-0.085,0.9451086551680082
,,,-0.08,0.9490892738078011
,,,-0.075,0.7638179903048193
,,,-0.07,0.858693563474638
,,,-0.065,0.8198439342664391
,,,-0.06,0.9117754276440585
,,,-0.055,0.8543267053002095
,,,-0.05,0.8662992022256689
,,,-0.045,0.8524487359385544
,,,-0.04,0.7514076962797376
,,,-0.035,0.8469288448299119
,,,-0.03,0.8139797754323703
,,,-0.025,0.7631813591556972
,,,-0.02,0.8406939045033757
,,,-0.015,0.847334092807331
,,,-0.01,0.7312981032993979
,,,-0.005,0.7345829235916161
,,,0.0,0.7493074844291037
,,,0.005,0.8388856983015871
,,,0.01,0.9311914459313535
,,,0.015,0.91887335703463
,,,0.02,0.7035019584934193
,,,0.025,0.8218310060891784
,,,0.03,0.9288565740760428
,,,0.035,0.8061106855410668
,,,0.04,0.8676302136596045
,,,0.045,0.8016474408615305
,,,0.05,0.9014963648649392
,,,0.055,0.7472671380662292
,,,0.06,0.8239083792253883
,,,0.065,0.8293527711517633
,,,0.07,0.9676735066412663
,,,0.075,0.9235093985056161
,,,0.08,0.8421456233789127
,,,0.085,0.9042534819103577
,,,0.09,0.9404600732560576
,,,0.095,0.776671276397349
,,,0.1,0.8311651230461148
,,,0.105,0.7616472519952725
,,,0.11,0.7886748940741052
,,,0.115,0.8235989602777036
,,,0.12,0.8442559402624473
,,,0.125,0.9204760902294019
,,,0.13,0.8084144519541221
,,,0.135,0.8452392533017153
,,,0.14,0.781994228881092
,,,0.145,0.7490443980315762
,,,0.15,0.8322255607835635
,,,0.155,0.7395021819453995
,,,0.16,0.7656820707615767
,,,0.165,0.8453170969406263
,,,0.17,0.760878699534131
,,,0.17500000000000002,0.7882305205748027
,,,0.18,0.762643842289839
,,,0.185,0.7033139832956198
,,,0.19,0.819021033156473
,,,0.195,0.7819766626532316
,,,0.2,0.6863695601277117
,,,0.20500000000000002,0.8482242245211105
,,,0.21,0.8133397590735325
,,,0.215,0.853107505718056
,,,0.22,0.7830938769985913
,,,0.225,0.7128246666737948
,,,0.23,0.8352640858146625
,,,0.23500000000000001,0.8333684192985666
,,,0.24,0.7541329428923406
,,,0.245,0.6610481106480006
,,,0.25,0.8260716544599559
,,,0.255,0.8026162143582396
,,,0.26,0.6900184696827109
,,,0.265,0.7505428068069115
,,,0.27,0.7290762863529646
,,,0.275,0.63108698836308
,,,0.28,0.7427831628070208
,,,0.28500000000000003,0.709272774358908
,,,0.29,0.5876036082557968
,,,0.295,0.757195185929748
,,,0.3,0.9205071657078263
,,,0.305,0.7785176182264976
,,,0.31,0.7206187459567536
,,,0.315,0.675431617475679
,,,0.32,0.7561851056584405
,,,0.325,0.7698445207869298
,,,0.33,0.695921587835827
,,,0.335,0.7077302597333487
,,,0.34,0.5733834290526296
,,,0.34500000000000003,0.6260394789149002
,,,0.35000000000000003,0.6823023538363857
,,,0.355,0.6562223816198527
,,,0.36,0.6723054270044664
,,,0.365,0.8516673036617061
,,,0.37,0.5387267463189624
,,,0.375,0.592524332065756
,,,0.38,0.6452749913275079
,,,0.385,0.6352702660745291
,,,0.39,0.5662895159450808
,,,0.395,0.6242041539097719
,,,0.4,0.6184994579489496
,,,0.405,0.50330293863912
,,,0.41000000000000003,0.6070456845656926
,,,0.41500000000000004,0.6794147066212872
,,,0.42,0.5617474793307417
,,,0.425,0.583519935037031
,,,0.43,0.6021764882321957
,,,0.435,0.5508965007988215
,,,0.44,0.5925590651057973
,,,0.445,0.5359330395120264
,,,0.45,0.6230280351927361
,,,0.455,0.6309691174131272
,,,0.46,0.6486272014517815
,,,0.465,0.6474358204085242
,,,0.47000000000000003,0.5353779045999641
,,,0.47500000000000003,0.599085759508312
,,,0.48,0.6102472592312972
,,,0.485,0.5606647206250968
,,,0.49,0.6295260416749568
,,,0.495,0.5647787622470555
,,,0.5,0.577716998758438
,,,0.505,0.5465775922841523
,,,0.51,0.6224333809806326
,,,0.515,0.6144892039346035
,,,0.52,0.4146556628012829
,,,0.525,0.4390102688218999
,,,0.53,0.4792345352820079
,,,0.535,0.3937433299933899
,,,0.54,0.404413784671449
,,,0.545,0.42851037865381464
,,,0.55,0.4020857977271186
,,,0.555,0.4402273991227167
,,,0.56,0.41190290306849237
,,,0.5650000000000001,0.44680009261927217
,,,0.5700000000000001,0.4570817755159014
,,,0.5750000000000001,0.4308531865501916
,,,0.58,0.39413047984050886
,,,0.585,0.43643057326981344
,,,0.59,0.4095091139943834
,,,0.595,0.4318825427465604
,,,0.6,0.3693051143730641
,,,0.605,0.40805834239195155
,,,0.61,0.413739851358932
,,,0.615,0.4318460852820991
,,,0.62,0.2909196841134046
,,,0.625,0.3858482940461212
,,,0.63,0.39763490158520426
,,,0.635,0.2720082404964922
,,,0.64,0.2556157970221499
,,,0.645,0.3544604203544731
,,,0.65,0.3342039581044738
,,,0.655,0.37004439944546214
,,,0.66,0.2964657265501425
,,,0.665,0.32378358894527254
,,,0.67,0.3501818582943531
,,,0.675,0.35991007026358307
,,,0.68,0.3449403451090054
,,,0.685,0.2970090743161804
,,,0.6900000000000001,0.2968670117017244
,,,0.6950000000000001,0.3191551820738515
,,,0.7000000000000001,0.2858206193977193
,,,0.705,0.2575872498058918
,,,0.71,0.2728954919300588
,,,0.715,0.27474967170595666
,,,0.72,0.28633129938731094
,,,0.725,0.28011558431724604
,,,0.73,0.18936194162392292
,,,0.735,0.17775905042836485
,,,0.74,0.23283703706387315
,,,0.745,0.3151485942980324
,,,0.75,0.3013655948138972
,,,0.755,0.2137885206170724
,,,0.76,0.2735809417692912
,,,0.765,0.2815868405478026
,,,0.77,0.2881993211056288
,,,0.775,0.24892364202399375
,,,0.78,0.23199603305339828
,,,0.785,0.25765377445701193
,,,0.79,0.25175164434018554
,,,0.795,0.2179428631352853
,,,0.8,0.24318869213601366
,,,0.805,0.20038492559999674
,,,0.81,0.26980259780894617
,,,0.8150000000000001,0.22399710673384948
,,,0.8200000000000001,0.2422485697791269
,,,0.8250000000000001,0.29168565140782476
,,,0.8300000000000001,0.27165931211875805
,,,0.835,0.22735114646248444
,,,0.84,0.22437866262653736
,,,0.845,0.15005352041942555
,,,0.85,0.16986704395960034
,,,0.855,0.21830505944038162
,,,0.86,0.17193343595263647
,,,0.865,0.17322526779421646
,,,0.87,0.16587798535566908
,,,0.875,0.19385007254071185
,,,0.88,0.17770527572975736
,,,0.885,0.19514618111985435
,,,0.89,0.20864872852737257
,,,0.895,0.17650813053275488
,,,0.9,0.23300154720335559
,,,0.905,0.200927187190536
,,,0.91,0.22791831037701943
,,,0.915,0.2626342469879925
,,,0.92,0.27192814818532524
,,,0.925,0.194523004621578
,,,0.93,0.17620537237965472
,,,0.935,0.18780675691332288
,,,0.9400000000000001,0.18142641215810976
,,,0.9450000000000001,0.19353889154272808
,,,0.9500000000000001,0.16324155949960575
,,,0.9550000000000001,0.1584668701687935
,,,0.96,0.19650413087785787
,,,0.965,0.1974596853446825
,,,0.97,0.208141077787117
,,,0.975,0.2011733658494566
,,,0.98,0.1393853135806487
,,,0.985,0.1390397079999702
,,,0.99,0.1444655346191647
,,,0.995,0.15987095512149818
,,,1.0,0.15595776500810646
,,,1.0050000000000001,0.18341048325479545
,,,1.01,0.12429938013651394
,,,1.0150000000000001,0.1375104278209264
,,,1.02,0.143149296556947
,,,1.025,0.16520605791524653
,,,1.03,0.10275972805451944
,,,1.035,0.16757729841911506
,,,1.04,0.1553670963767351
,,,1.045,0.1758881486952264
,,,1.05,0.15048689103850174
,,,1.055,0.16671941096387857
,,,1.06,0.1357491692376048
,,,1.065,0.13066843973869846
,,,1.07,0.12121173212897711
,,,1.075,0.14728352582188214
,,,1.08,0.17392004743939563
,,,1.085,0.11786922900029669
,,,1.09,0.12712810847582234
,,,1.095,0.1543609145104392
,,,1.1,0.1252337163134857
,,,1.105,0.1254550273773265
,,,1.11,0.14519226223580975
,,,1.115,0.17397667106460563
,,,1.12,0.11700438249660174
,,,1.125,0.16230454512244427
,,,1.1300000000000001,0.14713459182088487
,,,1.135,0.14082651354493647
,,,1.1400000000000001,0.1561645204984225
,,,1.145,0.16951483084557942
,,,1.1500000000000001,0.21344148376658045
,,,1.155,0.18459798693159216
,,,1.16,0.16820335639562806
,,,1.165,0.184546365993248
,,,1.17,0.15444187478049112
,,,1.175,0.1498205629769718
,,,1.18,0.09151433412244178
,,,1.185,0.11650470518692169
,,,1.19,0.11216027259397995
,,,1.195,0.13567968140761102
,,,1.2,0.15564356624685036
,,,1.205,0.18698508020289575
,,,1.21,0.11095793469465698
,,,1.215,0.10477007146624945
,,,1.22,0.15439056594314837
,,,1.225,0.1362064972542139
,,,1.23,0.19027116354319046
,,,1.235,0.23583773138801986
,,,1.24,0.21120308008018618
,,,1.245,0.2079178420272517
,,,1.25,0.18444683657895583
,,,1.2550000000000001,0.19301793017401433
,,,1.26,0.1653379953242562
,,,1.2650000000000001,0.11938469420050792
,,,1.27,0.10709285773979442
,,,1.2750000000000001,0.12158805975659111
,,,1.28,0.15950401970258524
,,,1.285,0.14213773773757404
,,,1.29,0.09632055891081932
,,,1.295,0.12314552755786717
,,,1.3,0.15161054611245225
,,,1.305,0.13450649177448734
,,,1.31,0.10454670609354935
,,,1.315,0.0902181175738081
,,,1.32,0.049537500896593874
,,,1.325,0.0829997072156399
,,,1.33,0.10521748172805066
,,,1.335,0.09978601234138225
,,,1.34,0.11856676331603822
,,,1.345,0.18629073241115637
,,,1.35,0.11954111626534929
,,,1.355,0.1308183800496994
,,,1.36,0.16516636653485028
,,,1.365,0.15463023580510002
,,,1.37,0.1287966113938914
,,,1.375,0.12556616777361876
,,,1.3800000000000001,0.08139130732284922
,,,1.385,0.12169824874998507
,,,1.3900000000000001,0.08073619128186614
,,,1.395,0.07785809673617305
,,,1.4000000000000001,0.10812905982146685
,,,1.405,0.11366449284119788
,,,1.41,0.08352228820389586
,,,1.415,0.11922210650512051
,,,1.42,0.13827578632169563
,,,1.425,0.12778156007227187
,,,1.43,0.060998648979916865
,,,1.435,0.08313561753013364
,,,1.44,0.025650089991463308
,,,1.445,0.029634835812386687
,,,1.45,0.016015089178868232
,,,1.455,0.05492756702031116
,,,1.46,0.07599087000935742
,,,1.465,0.12609669737994236
,,,1.47,0.13770372861254404
,,,1.475,0.10489919720882473
,,,1.48,0.10924409343519434
,,,1.485,0.10113041408623728
,,,1.49,0.08296996215262997
,,,1.495,0.11357803370311526
,,,1.5,0.10972992120023531
,,,1.5050000000000001,0.08203904091104587
,,,1.51,0.11961085914119926
,,,1.5150000000000001,0.1276019542010147
,,,1.52,0.08065810929946295
,,,1.5250000000000001,0.0752856158004837
,,,1.53,0.11043705277634906
,,,1.5350000000000001,0.09906785442931193
,,,1.54,0.10121860842706265
,,,1.545,0.08525358435421886
,,,1.55,0.06064285961597927
,,,1.555,0.06926748826127321
,,,1.56,0.06857248013690873
,,,1.565,0.08044085096922904
,,,1.57,0.10271564467537751
,,,1.575,0.06864414449089783
,,,1.58,0.06694688953047594
,,,1.585,0.10014023988861602
,,,1.59,0.10644312037545506
,,,1.595,0.07568081467603548
,,,1.6,0.0767429350447631
,,,1.605,0.11432946748538882
,,,1.61,0.09935893519082487
,,,1.615,0.11429114491789655
,,,1.62,0.09400519519112319
,,,1.625,0.058984321139457355
,,,1.6300000000000001,0.13542645771453105
,,,1.635,0.08751268427106379
,,,1.6400000000000001,0.08516452330516107
,,,1.645,0.06310794873192281
,,,1.6500000000000001,0.11833018599673645
,,,1.655,0.09882685980374806
,,,1.6600000000000001,0.08859239672167739
,,,1.665,0.09629306975581775
,,,1.67,0.08518486897583774
,,,1.675,0.12708404895321518
,,,1.68,0.1581492881343214
,,,1.685,0.16821721275877527
,,,1.69,0.07275884501964361
,,,1.695,0.062152658661115814
,,,1.7,0.10159959656063827
,,,1.705,0.12333395873916793
,,,1.71,0.09942792362715908
,,,1.715,0.0814819910219624
,,,1.72,0.10738869535163613
,,,1.725,0.08310969312393886
,,,1.73,0.07702812407596862
,,,1.735,0.12555785197897085
,,,1.74,0.11873857261346156
,,,1.745,0.03892280880867298
,,,1.75,0.08702717688254491
,,,1.7550000000000001,0.1080422303711705
,,,1.76,0.1080422303711705
,,,1.7650000000000001,0.1080422303711705
,,,1.77,0.1080422303711705
,,,1.7750000000000001,0.1080422303711705
,,,1.78,0.1080422303711705
,,,1.7850000000000001,0.1080422303711705
,,,1.79,0.1080422303711705
,,,1.795,0.1080422303711705
,,,1.8,0.1080422303711705
,,,1.805,0.1080422303711705
,,,1.81,0.1080422303711705
,,,1.815,0.1080422303711705
,,,1.82,0.1080422303711705
,,,1.825,0.1080422303711705
,,,1.83,0.1080422303711705
,,,1.835,0.1080422303711705
,,,1.84,0.1080422303711705
,,,1.845,0.1080422303711705
,,,1.85,0.1080422303711705
,,,1.855,0.1080422303711705
,,,1.86,0.1080422303711705
,,,1.865,0.1080422303711705
,,,1.87,0.1080422303711705
,,,1.875,0.1080422303711705
,,,1.8800000000000001,0.1080422303711705
,,,1.885,0.1080422303711705
,,,1.8900000000000001,0.1080422303711705
,,,1.895,0.1080422303711705
,,,1.9000000000000001,0.1080422303711705
,,,1.905,0.1080422303711705
,,,1.9100000000000001,0.1080422303711705
,,,1.915,0.1080422303711705
,,,1.92,0.1080422303711705
,,,1.925,0.1080422303711705
,,,1.93,0.1080422303711705
,,,1.935,0.1080422303711705
,,,1.94,0.1080422303711705
,,,1.945,0.1080422303711705
,,,1.95,0.1080422303711705
,,,1.955,0.1080422303711705
,,,1.96,0.1080422303711705
,,,1.965,0.1080422303711705
,,,1.97,0.1080422303711705
,,,1.975,0.1080422303711705
,,,1.98,0.1080422303711705
,,,1.985,0.1080422303711705
,,,1.99,0.1080422303711705
,,,1.995,0.1080422303711705
,,,2.0,0.1080422303711705
,,,2.005,0.1080422303711705
,,,2.0100000000000002,0.1080422303711705
,,,2.015,0.1080422303711705
,,,2.02,0.1080422303711705
,,,2.025,0.1080422303711705
,,,2.0300000000000002,0.1080422303711705
,,,2.035,0.1080422303711705
,,,2.04,0.1080422303711705
,,,2.045,0.1080422303711705
,,,2.05,0.1080422303711705
,,,2.055,0.1080422303711705
,,,2.06,0.1080422303711705
,,,2.065,0.1080422303711705
,,,2.07,0.1080422303711705
,,,2.075,0.1080422303711705
,,,2.08,0.1080422303711705
,,,2.085,0.1080422303711705
,,,2.09,0.1080422303711705
,,,2.095,0.1080422303711705
,,,2.1,0.1080422303711705
,,,2.105,0.1080422303711705
,,,2.11,0.1080422303711705
,,,2.115,0.1080422303711705
,,,2.12,0.1080422303711705
,,,2.125,0.1080422303711705
,,,2.13,0.1080422303711705
,,,2.1350000000000002,0.1080422303711705
,,,2.14,0.1080422303711705
,,,2.145,0.1080422303711705
,,,2.15,0.1080422303711705
,,,2.1550000000000002,0.1080422303711705
,,,2.16,0.1080422303711705
,,,2.165,0.1080422303711705
,,,2.17,0.1080422303711705
,,,2.1750000000000003,0.1080422303711705
,,,2.18,0.1080422303711705
,,,2.185,0.1080422303711705
,,,2.19,0.1080422303711705
,,,2.195,0.1080422303711705
,,,2.2,0.1080422303711705
,,,2.205,0.1080422303711705
,,,2.21,0.1080422303711705
,,,2.215,0.1080422303711705
,,,2.22,0.1080422303711705
,,,2.225,0.1080422303711705
,,,2.23,0.1080422303711705
,,,2.235,0.1080422303711705
,,,2.24,0.1080422303711705
,,,2.245,0.1080422303711705
,,,2.25,0.1080422303711705
,,,2.255,0.1080422303711705
,,,2.2600000000000002,0.1080422303711705
,,,2.265,0.1080422303711705
,,,2.27,0.1080422303711705
,,,2.275,0.1080422303711705
,,,2.2800000000000002,0.1080422303711705
,,,2.285,0.1080422303711705
,,,2.29,0.1080422303711705
,,,2.295,0.1080422303711705
,,,2.3000000000000003,0.1080422303711705
,,,2.305,0.1080422303711705
,,,2.31,0.1080422303711705
,,,2.315,0.1080422303711705
,,,2.32,0.1080422303711705
,,,2.325,0.1080422303711705
,,,2.33,0.1080422303711705
,,,2.335,0.1080422303711705
,,,2.34,0.1080422303711705
,,,2.345,0.1080422303711705
,,,2.35,0.1080422303711705
,,,2.355,0.1080422303711705
,,,2.36,0.1080422303711705
,,,2.365,0.1080422303711705
,,,2.37,0.1080422303711705
,,,2.375,0.1080422303711705
,,,2.38,0.1080422303711705
,,,2.3850000000000002,0.1080422303711705
,,,2.39,0.1080422303711705
,,,2.395,0.1080422303711705
,,,2.4,0.1080422303711705
,,,2.4050000000000002,0.1080422303711705
,,,2.41,0.1080422303711705
,,,2.415,0.1080422303711705
,,,2.42,0.1080422303711705
,,,2.4250000000000003,0.1080422303711705
,,,2.43,0.1080422303711705
,,,2.435,0.1080422303711705
,,,2.44,0.1080422303711705
,,,2.445,0.1080422303711705
,,,2.45,0.1080422303711705
,,,2.455,0.1080422303711705
,,,2.46,0.1080422303711705
,,,2.465,0.1080422303711705
,,,2.47,0.1080422303711705
,,,2.475,0.1080422303711705
,,,2.48,0.1080422303711705
,,,2.485,0.1080422303711705
,,,2.49,0.1080422303711705
,,,2.495,0.1080422303711705
,,,2.5,0.1080422303711705
,,,2.505,0.1080422303711705
,,,2.5100000000000002,0.1080422303711705
,,,2.515,0.1080422303711705
,,,2.52,0.1080422303711705
,,,2.525,0.1080422303711705
,,,2.5300000000000002,0.1080422303711705
,,,2.535,0.1080422303711705
,,,2.54,0.1080422303711705
,,,2.545,0.1080422303711705
,,,2.5500000000000003,0.1080422303711705
,,,2.555,0.1080422303711705
,,,2.56,0.1080422303711705
,,,2.565,0.1080422303711705
,,,2.57,0.1080422303711705
,,,2.575,0.1080422303711705
,,,2.58,0.1080422303711705
,,,2.585,0.1080422303711705
,,,2.59,0.1080422303711705
,,,2.595,0.1080422303711705
,,,2.6,0.1080422303711705
,,,2.605,0.1080422303711705
,,,2.61,0.1080422303711705
,,,2.615,0.1080422303711705
,,,2.62,0.1080422303711705
,,,2.625,0.1080422303711705
,,,2.63,0.1080422303711705
,,,2.6350000000000002,0.1080422303711705
,,,2.64,0.1080422303711705
,,,2.645,0.1080422303711705
,,,2.65,0.1080422303711705
,,,2.6550000000000002,0.1080422303711705
,,,2.66,0.1080422303711705
,,,2.665,0.1080422303711705
,,,2.67,0.1080422303711705
,,,2.6750000000000003,0.1080422303711705
,,,2.68,0.1080422303711705
,,,2.685,0.1080422303711705
,,,2.69,0.1080422303711705
,,,2.695,0.1080422303711705
